<beans xmlns="http://www.springframework.org/schema/beans"
	xmlns:xsi="http://www.w3.org/2001/XMLSchema-instance"
	xmlns:context="http://www.springframework.org/schema/context"
	xsi:schemaLocation="http://www.springframework.org/schema/beans
    http://www.springframework.org/schema/beans/spring-beans-3.0.xsd
    http://www.springframework.org/schema/context
    http://www.springframework.org/schema/context/spring-context-3.0.xsd">

	<bean id="employee" class="com.fis.spring.Employee" autowire="byType"><!-- Employee employee=new Employee() -->

		<property name="empId" value="123"></property>
		<property name="empName" value="suresh"></property>
		<property name="empSal" value="90000"></property>
		<property name="designation" value="developer"></property>
<!-- 		<property name="address" ref="add"></property> -->
	</bean>
	<bean id="add" class="com.fis.spring.Address">
		<property name="hno" value="111"></property>
		<property name="colony" value="rbicolony"></property>
		<property name="city" value="hyderabad"></property>
		<property name="pin" value="500074"></property>
	</bean>


</beans>
